{"chat.page.topArea":[{"r":"${bizType} == 35","v":"{\"cacheTime\":\"-1\",\"subContainerList\":[{\"cacheTime\":\"-1\",\"containerCode\":\"cc_top_area_first\",\"layoutType\":\"horizontal\",\"resourceList\":[{\"componentCode\":\"cc_nav_button\",\"resData\":{},\"templateType\":\"weex\",\"templateInfo\":{\"url\":\"https://market.m.taobao.com/app/tb-chatting/chatting-fans/pages/index?wh_weex=true&wh_ttid=native\"},\"uuid\":\"678afa377edb3446415ee4a760927f35\",\"weight\":\"99\"}]}]}"},{"r":"${bizType} == 34","v":"{\"cacheTime\":\"-1\",\"subContainerList\":[{\"cacheTime\":\"-1\",\"containerCode\":\"cc_top_area_first\",\"layoutType\":\"horizontal\",\"resourceList\":[{\"componentCode\":\"cc_nav_button\",\"resData\":{},\"templateType\":\"weex\",\"templateInfo\":{\"url\":\"https://market.m.taobao.com/app/tb-chatting/chatting-tmall-global/pages/index?wh_ttid=native\"},\"uuid\":\"678afa377edb3446415ee4a760927f34\",\"weight\":\"99\"}]}]}"},{"r":"${bizType} == 33","v":"{\"cacheTime\":\"-1\",\"subContainerList\":[{\"cacheTime\":\"-1\",\"containerCode\":\"cc_top_area_first\",\"layoutType\":\"horizontal\",\"resourceList\":[{\"componentCode\":\"cc_nav_button\",\"resData\":{},\"templateType\":\"weex\",\"templateInfo\":{\"url\":\"https://market.m.taobao.com/app/tb-chatting/chatting-tmall-beauty/pages/index?wh_ttid=native\"},\"uuid\":\"678afa377edb3446415ee4a760927f33\",\"weight\":\"99\"}]}]}"},{"r":"${bizType} == 30","v":"{\"cacheTime\":\"-1\",\"subContainerList\":[{\"cacheTime\":\"-1\",\"containerCode\":\"cc_top_area_first\",\"layoutType\":\"horizontal\",\"resourceList\":[{\"componentCode\":\"cc_nav_button\",\"resData\":{},\"templateType\":\"weex\",\"templateInfo\":{\"url\":\"https://market.m.taobao.com/app/tb-chatting/chatting-torch/pages/index?wh_ttid=native\"},\"uuid\":\"678afa377edb3446415ee4a760927f30\",\"weight\":\"99\"}]}]}"},{"r":"${bizType} == 25","v":"{\"cacheTime\":\"-1\",\"subContainerList\":[{\"cacheTime\":\"-1\",\"containerCode\":\"cc_top_area_first\",\"layoutType\":\"horizontal\",\"resourceList\":[{\"componentCode\":\"cc_nav_button\",\"resData\":{},\"templateType\":\"weex\",\"templateInfo\":{\"url\":\"https://market.m.taobao.com/app/tb-chatting/chatting-agtech/pages/index?wh_ttid=native\"},\"uuid\":\"678afa377edb3446415ee4a760927f25\",\"weight\":\"99\"}]}]}"},{"r":"${bizType} == 24","v":"{\"cacheTime\":\"-1\",\"subContainerList\":[{\"cacheTime\":\"-1\",\"containerCode\":\"cc_top_area_first\",\"layoutType\":\"horizontal\",\"resourceList\":[{\"componentCode\":\"cc_nav_button\",\"resData\":{},\"templateType\":\"weex\",\"templateInfo\":{\"url\":\"https://market.m.taobao.com/app/tb-chatting/chatting-life-game/pages/index?wh_ttid=native\"},\"uuid\":\"678afa377edb3446415ee4a760927f24\",\"weight\":\"99\"}]}]}"},{"r":"${bizType} == 23","v":"{\"cacheTime\":\"-1\",\"subContainerList\":[{\"cacheTime\":\"-1\",\"containerCode\":\"cc_top_area_first\",\"layoutType\":\"horizontal\",\"resourceList\":[{\"componentCode\":\"cc_nav_button\",\"resData\":{},\"templateType\":\"weex\",\"templateInfo\":{\"url\":\"https://market.m.taobao.com/app/tb-chatting/chatting-88vip/pages/index?wh_ttid=native\"},\"uuid\":\"678afa377edb3446415ee4a760927f23\",\"weight\":\"99\"}]}]}"},{"r":"${bizType} == 17","v":"{\"cacheTime\":\"-1\",\"subContainerList\":[{\"cacheTime\":\"-1\",\"containerCode\":\"cc_top_area_first\",\"layoutType\":\"horizontal\",\"resourceList\":[{\"componentCode\":\"cc_nav_button\",\"resData\":{},\"templateType\":\"weex\",\"templateInfo\":{\"url\":\"https://market.m.taobao.com/app/ctm/fixedCard/pages/index?wh_ttid=native\"},\"uuid\":\"678afa377edb3446415ee4a760927f17\",\"weight\":\"99\"}]}]}"},{"r":"${bizType} == 12","v":"{\"cacheTime\":\"-1\",\"subContainerList\":[{\"cacheTime\":\"-1\",\"containerCode\":\"cc_top_area_first\",\"layoutType\":\"horizontal\",\"resourceList\":[{\"componentCode\":\"cc_nav_button\",\"resData\":{},\"templateType\":\"weex\",\"templateInfo\":{\"url\":\"https://market.m.taobao.com/app/tb-chatting/chatting-lbs/pages/index?wh_ttid=native\"},\"uuid\":\"678afa377edb3446415ee4a760927f12\",\"weight\":\"99\"}]}]}"},{"r":"${bizType} == 1 || ${bizType} == 36 || ${bizType} == 51 || ${bizType} == 101","v":"{\"cacheTime\":\"-1\",\"subContainerList\":[{\"cacheTime\":\"-1\",\"containerCode\":\"cc_top_area_first\",\"layoutType\":\"horizontal\",\"resourceList\":[{\"componentCode\":\"cc_nav_button\",\"resData\":{},\"templateType\":\"weex\",\"templateInfo\":{\"url\":\"https://market.m.taobao.com/app/tb-chatting/chatting-base/pages/index?wh_ttid=native\"},\"uuid\":\"678afa377edb3446415ee4a760927f11\",\"weight\":\"99\"}]}]}"},{"r":"${bizType} >= 10001 && ${bizType} <= 10014 && ${bizType} != 10007","v":"{\"cacheTime\":\"-1\",\"subContainerList\":[{\"cacheTime\":\"-1\",\"containerCode\":\"cc_top_area_first\",\"layoutType\":\"horizontal\",\"resourceList\":[{\"componentCode\":\"cc_nav_button\",\"resData\":{},\"templateType\":\"weex\",\"templateInfo\":{\"url\":\"https://market.m.taobao.com/app/mtb/pay-it-for-me/pages/cc-chatting-header?wh_ttid=native\",\"height\":0,\"width\":750},\"uuid\":\"678afa377edb3446415ee4a760927f01\",\"weight\":\"99\"}]}]}"},{"r":"${bizType} == 31","v":"{\"cacheTime\":\"-1\",\"subContainerList\":[{\"cacheTime\":\"-1\",\"containerCode\":\"cc_top_area_first\",\"layoutType\":\"horizontal\",\"resourceList\":[{\"componentCode\":\"cc_nav_button\",\"resData\":{},\"templateType\":\"weex\",\"templateInfo\":{\"url\":\"https://market.m.taobao.com/app/tb-chatting/chatting-trip/pages/index?wh_ttid=native\",\"height\":40},\"uuid\":\"678afa377edb3446415ee4a76092731\",\"weight\":\"99\"}]}]}"}],"chat.longclickmenu.config":[{"r":"(${bizType} == 10022 && ${senderId} != ${userId} && (${templateId} == 319002 || ${templateId} == 101))","v":"{\"name\":\"\u70b9\u8d5e\",\"icon\":\"thumbs_up\",\"action\":\"good\"}"},{"r":"(${bizType} == 10022 && ${senderId} != ${userId} && (${templateId} == 319002 || ${templateId} == 101))","v":"{\"name\":\"\u70b9\u8e29\",\"icon\":\"thumbs_down\",\"action\":\"bad\"}"},{"r":"${hasAudioText} == 1 && ${mpm_pageTag} != \"mpm_chat_marketing\" && ${message.localExt.isExclusiveServerMergeMsg} != 1","v":"{\"name\":\"\u8f6c\u6587\u5b57\",\"icon\":\"mark_multiple\",\"action\":\"audioturntext\"}"},{"r":"${status} == 0 && ${bizType} < 20000 && ${mpm_pageTag} != \"mpm_chat_marketing\" && ${message.localExt.isExclusiveServerMergeMsg} != 1 && ${templateId} == 102","v":"{\"name\":\"\u6dfb\u52a0\u8868\u60c5\",\"icon\":\"emoji_light\",\"action\":\"addexpression\"}"},{"r":"${status} == 0 && ${bizType} < 20000 && ${bizType} != 10022 && ${mpm_pageTag} != \"mpm_chat_marketing\" && ${message.localExt.isExclusiveServerMergeMsg} != 1 && ${mpm_pageTag} != \"mpm_chat_marking_exclusiveServer\" && (${templateId} == 101 || ${templateId} == 102 || ${templateId} == 105 || ${templateId} == 211001 || ${templateId} == 64001 || ${templateId} == 281003 || ${templateId} == 111)","v":"{\"name\":\"\u56de\u590d\",\"icon\":\"community\",\"action\":\"reply\"}"},{"r":"${status} == 0 && ${isReply} == 0 && ${bizType} < 20000 && ${message.localExt.isExclusiveServerMergeMsg} != 1 && ${instanceId} != 1663677091005 && ${instanceId} != 1663677593087 && ${instanceId} != 1663675886724 && ${instanceId} != 1663677281213 && ${instanceId} != 1679309392060 && ${instanceId} != 1684219058260 && ${instanceId} != 1684219326384 && ${instanceId} != 1695035796026 && ${instanceId} != 1695036144793 && ${instanceId} != 1695036300478 && (${templateId} == 101 || ${templateId} == 103 || ${templateId} == 102 || ${templateId} == 105 || ${templateId} == 111 || ${templateId} == 64001 ||${templateId} == 120 ||${templateId} == 112 ||${templateId} == 113 ||${templateId} == 114 ||${templateId} == 218001 ||${templateId} == 57001 ||${templateId} == 58001) && ${templateId} != 319002","v":"{\"name\":\"\u8f6c\u53d1\",\"icon\":\"share\",\"action\":\"forward\"}"},{"r":"${status} == 0 && ${bizType} < 20000 && ${bizType} != 10022 && ${mpm_pageTag} != \"mpm_chat_marketing\" && ${templateId} != 117 && ${templateId} != 503 && ${templateId} != 56001 && ${templateId} != 98001 && ${templateId} != 99001 && ${templateId} != 280003 && ${templateId} != 191013 && ${templateId} != 57002 && ${templateId} != 274015 && ${templateId} != 257001 && ${sendTimeGap} < 120000 && ${senderId} == ${userId} && ${senderType} == ${userType}","v":"{\"name\":\"\u64a4\u56de\",\"icon\":\"repeal\",\"action\":\"revoke\"}"},{"r":"${status} == 0 && ${bizType} < 20000 && ${senderId} != ${userId} && (${templateId} != 56001 || ${templateId} != 98001 || ${templateId} != 99001)","v":"{\"name\":\"\u4e3e\u62a5\",\"icon\":\"warn\",\"action\":\"report\"}"},{"r":"${status} == 0 && ${mpm_pageTag} != \"mpm_chat_marketing\" && ${mpm_pageTag} != \"mpm_chat_marking_exclusiveServer\" && ${templateId} != 106 && ${message.ext.tplInstanceID} != 1678256869499 && ${templateId} != 274015","v":"{\"name\":\"\u5220\u9664\",\"icon\":\"delete\",\"action\":\"delete\"}"},{"r":"${status} == 0 && ${bizType} < 20000 && ${message.localExt.isExclusiveServerMergeMsg} != 1 && ${templateId} == 101","v":"{\"name\":\"\u590d\u5236\",\"icon\":\"copy\",\"action\":\"copy\"}"}],"chat.input.interactArea":[{"r":"${bizType} >= 10003 && ${bizType} <= 10014 && ${bizType} != 10007","v":"{\"cacheTime\":\"-1\",\"subContainerList\":[{\"cacheTime\":\"-1\",\"containerCode\":\"cc_top_area_first\",\"layoutType\":\"horizontal\",\"resourceList\":[{\"componentCode\":\"cc_nav_button\",\"resData\":{},\"templateType\":\"weex\",\"templateInfo\":{\"url\":\"https://market.m.taobao.com/app/tmall-wireless/tb-temp-chat/pages/bottom-bar?wh_ttid=native\",\"height\":40},\"uuid\":\"678afa377edb3446415ee4a760927f04\",\"weight\":\"99\"}]}]}"},{"r":"${bizType} == 10001 || ${bizType} == 10002","v":"{\"cacheTime\":\"-1\",\"subContainerList\":[{\"cacheTime\":\"-1\",\"containerCode\":\"cc_top_area_first\",\"layoutType\":\"horizontal\",\"resourceList\":[{\"componentCode\":\"cc_nav_button\",\"resData\":{},\"templateType\":\"weex\",\"templateInfo\":{\"url\":\"https://market.m.taobao.com/apps/market/msgrax/tipsbar_reply.html?spm=a2116h.app.0.0.2636f366W9mLhX&wh_ttid=native\",\"height\":40},\"uuid\":\"678afa377edb3446415ee4a760927f11\",\"weight\":\"99\"}]}]}"},{"r":"${bizType} == 31","v":"{\"cacheTime\":\"-1\",\"subContainerList\":[{\"cacheTime\":\"-1\",\"containerCode\":\"cc_top_area_first\",\"layoutType\":\"horizontal\",\"resourceList\":[{\"componentCode\":\"cc_nav_button\",\"resData\":{},\"templateType\":\"weex\",\"templateInfo\":{\"url\":\"http://market.m.taobao.com/app/tb-chatting/ummf-tips-widget/pages/tips?wh_ttid=native\",\"height\":40},\"uuid\":\"678afa377edb3446415ee4a760927f31\",\"weight\":\"99\"}]}]}"}],"chat.page.background":[{"r":"${bizType} == 10002","v":"{\"backImageUrl\":\"\",\"foreImageUrl\":\"https://gw.alicdn.com/imgextra/i3/O1CN01OnBmNV1a9Ue5ybnqA_!!6000000003287-2-tps-750-468.png\"}"}],"chat.card.bottomView":[{"r":"(${bizType} >= 10000 && ${bizType} < 11000) && (${mer.showType} == \"2\" || ${rejectViewData.showType} == \"6\" || ${mergeData.showExpandButton} == \"true\")","v":"{\"templateId\":\"321001\",\"data\":{}}"},{"r":"(${bizType} >= 11000 && ${bizType} < 12000) && (${mer.showType} == \"2\" || ${rejectViewData.showType} == \"6\" || ${mergeData.showExpandButton} == \"true\")","v":"{\"templateId\":\"290003\",\"data\":{}}"},{"r":"${message.ext.templateDynamicData.subscribeInfo.showType} == 2 || ${message.ext.templateDynamicData.subscribeInfo.showType} == 6 || ${message.localExt.isExclusiveServerMergeMsg} == 1","v":"{\"templateId\":\"152001\",\"data\":{}}"},{"r":"${bizType} >= 11000 && ${bizType} < 12000 && ${message.sendTime} > ${conversation.modifyTime} && (${message.ext.templateDynamicData.msgFeedBack.enableEvaluation} == 1 || ${message.ext.templateDynamicData.msgFeedBack.enableEvaluation} == \"true\")","v":"{\"templateId\":\"270003\",\"data\":{}}"}],"chat.page.info":[{"r":"${bizType} == 10022","v":"{\"spm\":\"a2141.12007106.0.0\",\"spmb\":\"12007106\",\"pageName\":\"Page_Chat\"}"},{"r":"${bizType}==20424","v":"{\"spm\":\"a2141.12850950.0.0\",\"spmb\":\"12850950\",\"pageName\":\"Page_BenefitMessage\"}"},{"r":"${bizType} == 12","v":"{\"spm\":\"a2141.11420076.0.0\",\"spmb\":\"11420076\",\"pageName\":\"Page_SubGroupchatDialog\"}"},{"r":"${bizType} == 13","v":"{\"spm\":\"a2141.11557383.0.0\",\"spmb\":\"11557383\",\"pageName\":\"Page_SubGroupchatDialog\"}"},{"r":"${bizType} == 17","v":"{\"spm\":\"a2141.12038661.0.0\",\"spmb\":\"12038661\",\"pageName\":\"Page_SubGroupchatDialog\"}"},{"r":"${bizType} == 20","v":"{\"spm\":\"a2141.13575308.0.0\",\"spmb\":\"13575308\",\"pageName\":\"Page_SubGroupchatDialog\"}"},{"r":"${bizType} == 23","v":"{\"spm\":\"a2141.88VIPguanfangqun.0.0\",\"spmb\":\"88VIPguanfangqun\",\"pageName\":\"Page_SubGroupchatDialog\"}"},{"r":"${bizType} == 24","v":"{\"spm\":\"a2141.interactive_groupchat.0.0\",\"spmb\":\"interactive_groupchat\",\"pageName\":\"Page_SubGroupchatDialog\"}"},{"r":"${bizType} == 25","v":"{\"spm\":\"a2141.13101010.0.0\",\"spmb\":\"13101010\",\"pageName\":\"Page_SubGroupchatDialog\"}"},{"r":"${bizType} == 19","v":"{\"spm\":\"a2141.12102685.0.0\",\"spmb\":\"12102685\",\"pageName\":\"Page_SubGroupchatDialog\",\"pageDesc\":\"\u5bb6\u5ead\u4eb2\u60c5\u7fa4\"}"},{"r":"${bizType} == 14","v":"{\"spm\":\"a2141.11557386.0.0\",\"spmb\":\"11557386\",\"pageName\":\"Page_SubGroupchatDialog\",\"pageDesc\":\"\u5c0f\u9ed1\u7fa4\"}"},{"r":"${bizType} == 30","v":"{\"spm\":\"a2141.13832827.0.0\",\"spmb\":\"13832827\",\"pageName\":\"Page_SubGroupchatDialog\"}"},{"r":"${bizType} == 31","v":"{\"spm\":\"a2141.13571455.0.0\",\"spmb\":\"13571455\",\"pageName\":\"Page_SubGroupchatDialog\"}"},{"r":"${bizType} == 33","v":"{\"spm\":\"a2141.14178046.0.0\",\"spmb\":\"14178046\",\"pageName\":\"Page_SubGroupchatDialog\"}"},{"r":"${bizType} == 34","v":"{\"spm\":\"a2141.xfm.0.0\",\"spmb\":\"xfm\",\"pageName\":\"Page_SubGroupchatDialog\",\"pageDesc\":\"\u5c0f\u9ed1\u7fa4\"}"},{"r":"${bizType} == 35","v":"{\"spm\":\"a2141.21619052.0.0\",\"spmb\":\"21619052\",\"pageName\":\"Page_SubGroupchatDialog\",\"pageDesc\":\"\u5174\u8da3\u7fa4\"}"},{"r":"${bizType} == 36","v":"{\"spm\":\"a2141.5191666.0.0\",\"spmb\":\"5191666\",\"pageName\":\"Page_SubGroupchatDialog\",\"pageDesc\":\"\u5feb\u95ea\u7fa4\"}"},{"r":"${bizType} == 51","v":"{\"spm\":\"a2141.88888888.0.0\",\"spmb\":\"88888888\",\"pageName\":\"Page_SubGroupchatDialog\",\"pageDesc\":\"\u76f4\u64ad\u7c89\u4e1d\u7fa4\"}"},{"r":"${bizType} == 101","v":"{\"spm\":\"a2141.19478539.0.0\",\"spmb\":\"19478539\",\"pageName\":\"Page_SubGroupchatDialog\",\"pageDesc\":\"\u4f1a\u5458\u7fa4\"}"},{"r":"${bizType} == 614","v":"{\"spm\":\"a2141.27153480.0.0\",\"spmb\":\"27153480\",\"pageName\":\"Page_SubGroupchatDialog\",\"pageDesc\":\"\u6dd8\u83dc\u83dc\u7fa4\"}"},{"r":"${bizType} == 20425","v":"{\"spm\":\"a2141.12850953.0.0\",\"spmb\":\"12850953\",\"pageName\":\"Page_TaobaoMessage\"}"},{"r":"${bizType} == 20423","v":"{\"spm\":\"a2141.8888039.0.0\",\"spmb\":\"8888039\",\"pageName\":\"Page_InteractMessage\"}"},{"r":"${bizType} == 20422","v":"{\"spm\":\"a2141.8888024.0.0\",\"spmb\":\"8888024\",\"pageName\":\"Page_NoticeMessage\"}"},{"r":"${bizType} == 20421","v":"{\"spm\":\"a2141.8888005.0.0\",\"spmb\":\"8888005\",\"pageName\":\"Page_TradeMessage\"}"},{"r":"${bizType} == 20427","v":"{\"spm\":\"a2141.b42520686.0.0\",\"spmb\":\"b42520686\",\"pageName\":\"Page_GameMessage\"}"},{"r":"${bizType} == 1","v":"{\"spm\":\"a2141.11557394.0.0\",\"spmb\":\"11557394\",\"pageName\":\"Page_SubGroupchatDialog\",\"pageDesc\":\"\u5546\u5bb6\u7fa4\"}"},{"r":"${bizType} == 10001","v":"{\"spm\":\"a2141.7666916.0.0\",\"spmb\":\"7666916\",\"pageName\":\"Page_Chat\"}"},{"r":"${bizType} == 10007","v":"{\"spm\":\"a2141.12436221.0.0\",\"spmb\":\"12436221\",\"pageName\":\"Page_Chat\"}"},{"r":"${bizType} >= 10003 && ${bizType} <= 10014 && ${bizType} != 10007","v":"{\"spm\":\"a2141.12007106.0.0\",\"spmb\":\"12007106\",\"pageName\":\"Page_Chat\"}"},{"r":"${bizType} == 10002","v":"{\"spm\":\"a2141.12101087.0.0\",\"spmb\":\"12101087\",\"pageName\":\"Page_Chat\"}"},{"r":"${bizType} == 11001","v":"{\"spm\":\"a2141.7631765.0.0\",\"spmb\":\"7631765\",\"pageName\":\"Page_Chat\"}"},{"r":"1==1","v":"{\"spm\":\"a2141.11557388.0.0\",\"spmb\":\"11557388\",\"pageName\":\"Page_SubGroupchatDialog\",\"pageDesc\":\"\u666e\u901a\u7fa4\"}"}],"chat.input.config":[{"r":"${bizType} >= 11000 && ${bizType} < 12000","v":"{\"data\":[{\"id\":\"album\",\"actionName\":\"album\",\"utName\":\"Photo\",\"contentDescription\":\"\u76f8\u518c\",\"iconType\":2,\"iconUrl\":\"\ub25b\",\"accessibilityText\":\"\u76f8\u518c\",\"showRedDot\":false,\"title\":\"\u76f8\u518c\"},{\"id\":\"takephoto\",\"actionName\":\"takephoto\",\"utName\":\"TakePhoto\",\"contentDescription\":\"\u62cd\u6444\",\"iconType\":2,\"iconUrl\":\"\ub98b\",\"accessibilityText\":\"\u62cd\u6444\",\"showRedDot\":false,\"title\":\"\u62cd\u6444\"},{\"id\":\"sendgoods\",\"actionName\":\"url\",\"utName\":\"sendgoods\",\"contentDescription\":\"\u5546\u54c1\",\"iconType\":2,\"iconUrl\":\"\ub39b\",\"accessibilityText\":\"\u5546\u54c1\",\"showRedDot\":true,\"title\":\"\u5546\u54c1\",\"actionUrl\":\"https://tb.cn/n/im/dynamic/msg_aura_page.html?bizConfigCode=goodsSelect&openType=popPresent\"},{\"id\":\"sendorder\",\"actionName\":\"sendorder\",\"utName\":\"sendorder\",\"contentDescription\":\"\u53d1\u9001\u8ba2\u5355\",\"iconType\":2,\"iconUrl\":\"\ub24b\",\"accessibilityText\":\"\u53d1\u9001\u8ba2\u5355\",\"showRedDot\":true,\"title\":\"\u8ba2\u5355\",\"actionUrl\":\"http://tb.cn/n/im/openapi?api=toolAPI.alert.akpop&request=%7B%22data%22%3A%7B%22type%22%3A%22showWindVanePop%22%2C%22params%22%3A%7B%22url%22%3A%22https%3A%2F%2Fmarket.m.taobao.com%2Fapp%2Fqn%2Fmobile-order-selector%2Fhome.html%3FsellerId%3D${targetId}%22%2C%22popId%22%3A%22123%22%2C%22popConfig%22%3A%7B%22animation%22%3A%22bottomInOut%22%2C%22tapEnable%22%3A%22true%22%2C%22originHeight%22%3A%220.8%22%2C%22backgroundStyle%22%3A%22%23F5F5F5%22%7D%7D%7D%7D\"},{\"id\":\"dakuan\",\"actionName\":\"popNav\",\"utName\":\"dakuan\",\"contentDescription\":\"\u6253\u6b3e\",\"iconType\":2,\"iconUrl\":\"\ub41b\",\"accessibilityText\":\"\u6253\u6b3e\",\"showRedDot\":false,\"title\":\"\u6253\u6b3e\",\"actionUrl\":\"http://tb.cn/n/im/openapi?api=toolAPI.alert.akpop&request=%7B%22data%22%3A%7B%22type%22%3A%22showWindVanePop%22%2C%22params%22%3A%7B%22url%22%3A%22https%3A%2F%2Fweb.m.taobao.com%2Fapp%2Fcrs-qn%2Flittle-receipt-order-taobao%2Finitiate-payment%3FtargetId%3D${targetId}%26popId%3DuserProfile_53810%22%2C%22popId%22%3A%22userProfile_53810%22%2C%22popConfig%22%3A%7B%22animation%22%3A%22bottomInOut%22%2C%22tapEnable%22%3A%22true%22%2C%22originHeight%22%3A%220.8%22%2C%22backgroundStyle%22%3A%22%23F5F5F5%22%7D%7D%7D%7D\"},{\"id\":\"associationInputSwitch\",\"actionName\":\"url\",\"utName\":\"associationInputSwitch_Click\",\"contentDescription\":\"\u8054\u60f3\u8f93\u5165\",\"iconType\":2,\"iconUrl\":\"\uf93c\",\"accessibilityText\":\"\u8054\u60f3\u8f93\u5165\",\"showRedDot\":false,\"title\":\"\u8054\u60f3\u8f93\u5165\",\"actionUrl\":\"http://tb.cn/n/im/associating_input\"},{\"id\":\"userProfile\",\"actionName\":\"popNav\",\"utName\":\"sendrecord\",\"contentDescription\":\"\u6863\u6848\",\"iconType\":2,\"iconUrl\":\"\ua18b\",\"accessibilityText\":\"\u6863\u6848\",\"showRedDot\":false,\"title\":\"\u6863\u6848\",\"actionUrl\":\"http://tb.cn/n/im/openapi?api=toolAPI.alert.akpop&request=%7B%22data%22%3A%7B%22type%22%3A%22showWindVanePop%22%2C%22params%22%3A%7B%22url%22%3A%22https%3A%2F%2Fweb.m.taobao.com%2Fapp%2Farchives-setting%2FBC-archives-center%2Fhome%3FtargetId%3D${targetId}%26popId%3DuserProfile_53810%22%2C%22popId%22%3A%22userProfile_53810%22%2C%22popConfig%22%3A%7B%22animation%22%3A%22bottomInOut%22%2C%22tapEnable%22%3A%22true%22%2C%22originHeight%22%3A%220.8%22%2C%22backgroundStyle%22%3A%22%23F5F5F5%22%7D%7D%7D%7D\"},{\"id\":\"location\",\"actionName\":\"location\",\"utName\":\"Location\",\"contentDescription\":\"\u4f4d\u7f6e\",\"iconType\":2,\"iconUrl\":\"\ub03b\",\"accessibilityText\":\"\u4f4d\u7f6e\",\"showRedDot\":false,\"title\":\"\u4f4d\u7f6e\"}]}"},{"r":"${bizType} >= 10000 && ${bizType} < 11000","v":"{\"data\":[{\"id\":\"album\",\"actionName\":\"album\",\"utName\":\"Photo\",\"contentDescription\":\"\u76f8\u518c\",\"iconType\":2,\"iconUrl\":\"\ub25b\",\"accessibilityText\":\"\u76f8\u518c\",\"showRedDot\":false,\"title\":\"\u76f8\u518c\"},{\"id\":\"takephoto\",\"actionName\":\"takephoto\",\"utName\":\"TakePhoto\",\"contentDescription\":\"\u62cd\u6444\",\"iconType\":2,\"iconUrl\":\"\ub98b\",\"accessibilityText\":\"\u62cd\u6444\",\"showRedDot\":false,\"title\":\"\u62cd\u6444\"},{\"id\":\"sendgoods\",\"actionName\":\"url\",\"utName\":\"sendgoods\",\"contentDescription\":\"\u5546\u54c1\",\"iconType\":2,\"iconUrl\":\"\ub39b\",\"accessibilityText\":\"\u5546\u54c1\",\"showRedDot\":true,\"title\":\"\u5546\u54c1\",\"actionUrl\":\"https://tb.cn/n/im/dynamic/msg_aura_page.html?bizConfigCode=goodsSelect&openType=popPresent\"},{\"id\":\"shopItem\",\"actionName\":\"shopItem\",\"utName\":\"Shop\",\"contentDescription\":\"\u5e97\u94fa\",\"iconType\":2,\"iconUrl\":\"\uc08b\",\"accessibilityText\":\"\u5e97\u94fa\",\"showRedDot\":false,\"title\":\"\u5e97\u94fa\"},{\"id\":\"redpacket\",\"actionName\":\"redpacket\",\"utName\":\"Hongbao\",\"contentDescription\":\"\u7ea2\u5305\",\"iconType\":2,\"iconUrl\":\"\ub41b\",\"accessibilityText\":\"\u7ea2\u5305\",\"showRedDot\":false,\"title\":\"\u7ea2\u5305\"},{\"id\":\"location\",\"actionName\":\"location\",\"utName\":\"Location\",\"contentDescription\":\"\u4f4d\u7f6e\",\"iconType\":2,\"iconUrl\":\"\ub03b\",\"accessibilityText\":\"\u4f4d\u7f6e\",\"showRedDot\":false,\"title\":\"\u4f4d\u7f6e\"},{\"id\":\"feedCards\",\"actionName\":\"feedCards\",\"utName\":\"NameCard\",\"contentDescription\":\"\u4e2a\u4eba\u540d\u7247\",\"iconType\":2,\"iconUrl\":\"\ua18b\",\"accessibilityText\":\"\u4e2a\u4eba\u540d\u7247\",\"showRedDot\":false,\"title\":\"\u4e2a\u4eba\u540d\u7247\"},{\"id\":\"pocketMoney\",\"actionName\":\"url\",\"utName\":\"pocketMoney\",\"contentDescription\":\"\u9001\u793c\u91d1\",\"iconType\":2,\"iconUrl\":\"\uc01b\",\"accessibilityText\":\"\u9001\u793c\u91d1\",\"showRedDot\":false,\"title\":\"\u9001\u793c\u91d1\",\"actionUrl\":\"https://market.m.taobao.com/app/dinamic/wallet/pages/send-to?spm=defwork.iteration_detail.0.0.3d153f1bx5yJwe&wh_weex=true&disableNav=YES\"}]}"},{"r":"${bizType} < 10000","v":"{\"data\":[{\"id\":\"shopItem\",\"actionName\":\"shopItem\",\"utName\":\"Shop\",\"contentDescription\":\"\u5e97\u94fa\",\"iconType\":2,\"iconUrl\":\"\uc08b\",\"accessibilityText\":\"\u5e97\u94fa\",\"showRedDot\":false,\"title\":\"\u5e97\u94fa\"},{\"id\":\"album\",\"actionName\":\"album\",\"utName\":\"Photo\",\"contentDescription\":\"\u76f8\u518c\",\"iconType\":2,\"iconUrl\":\"\ub25b\",\"accessibilityText\":\"\u76f8\u518c\",\"showRedDot\":false,\"title\":\"\u76f8\u518c\"},{\"id\":\"takephoto\",\"actionName\":\"takephoto\",\"utName\":\"TakePhoto\",\"contentDescription\":\"\u62cd\u6444\",\"iconType\":2,\"iconUrl\":\"\ub98b\",\"accessibilityText\":\"\u62cd\u6444\",\"showRedDot\":false,\"title\":\"\u62cd\u6444\"},{\"id\":\"redpacket\",\"actionName\":\"redpacket\",\"utName\":\"Hongbao\",\"contentDescription\":\"\u7ea2\u5305\",\"iconType\":2,\"iconUrl\":\"\ub41b\",\"accessibilityText\":\"\u7ea2\u5305\",\"showRedDot\":false,\"title\":\"\u7ea2\u5305\"},{\"id\":\"feedCards\",\"actionName\":\"feedCards\",\"utName\":\"NameCard\",\"contentDescription\":\"\u4e2a\u4eba\u540d\u7247\",\"iconType\":2,\"iconUrl\":\"\ua18b\",\"accessibilityText\":\"\u4e2a\u4eba\u540d\u7247\",\"showRedDot\":false,\"title\":\"\u4e2a\u4eba\u540d\u7247\"}]}"},{"r":"${bizType} == 53","v":"{\"data\":[{\"id\":\"takephoto\",\"actionName\":\"takephoto\",\"utName\":\"TakePhoto\",\"contentDescription\":\"\u62cd\u7167\",\"iconType\":2,\"iconUrl\":\"\ub22b\",\"accessibilityText\":\"\u62cd\u7167\",\"showRedDot\":false,\"title\":\"\u62cd\u7167\"},{\"id\":\"album\",\"actionName\":\"album\",\"utName\":\"Photo\",\"contentDescription\":\"\u76f8\u518c\",\"iconType\":2,\"iconUrl\":\"\ub25b\",\"accessibilityText\":\"\u76f8\u518c\",\"showRedDot\":false,\"title\":\"\u76f8\u518c\"}]}"},{"r":"${bizType} == 26","v":"{}"},{"r":"${bizType} == 51 && (${roleType} == 3 || ${roleType} == 0)","v":"{\"data\":[{\"id\":\"album\",\"actionName\":\"album\",\"utName\":\"Photo\",\"contentDescription\":\"\u76f8\u518c\",\"iconType\":2,\"iconUrl\":\"\ub25b\",\"accessibilityText\":\"\u76f8\u518c\",\"showRedDot\":false,\"title\":\"\u76f8\u518c\"},{\"id\":\"takephoto\",\"actionName\":\"takephoto\",\"utName\":\"TakePhoto\",\"contentDescription\":\"\u62cd\u6444\",\"iconType\":2,\"iconUrl\":\"\ub98b\",\"accessibilityText\":\"\u62cd\u6444\",\"showRedDot\":false,\"title\":\"\u62cd\u6444\"},{\"id\":\"redpacket\",\"actionName\":\"redpacket\",\"utName\":\"Hongbao\",\"contentDescription\":\"\u7ea2\u5305\",\"iconType\":2,\"iconUrl\":\"\ub41b\",\"accessibilityText\":\"\u7ea2\u5305\",\"showRedDot\":false,\"title\":\"\u7ea2\u5305\"}]}"},{"r":"${bizType} == 51","v":"{\"first\":{\"body\":{\"icon\":\"https://gw.alicdn.com/imgextra/i1/O1CN01Hg29iF1NHelaYPppc_!!6000000001545-2-tps-48-48.png\"},\"action\":{\"actionType\":\"link\",\"actionValue\":\"https://qianniu.taobao.com/ww_chat_setting?targetType=${targetType}&targetId=${targetId}&targetNick=${targetNick}&targetUid=${targetUid}&bizType=${bizType}&identifier=${identifier}&key_account_id=${key_account_id}&conversation_code=${conversation_code}\"}}}"},{"r":"${roleType} == 2 && (${bizType} == 1 || ${bizType} == 36 || ${bizType} == 101 || ${bizType} == 24 )","v":"{\"data\":[{\"id\":\"album\",\"actionName\":\"album\",\"utName\":\"Photo\",\"contentDescription\":\"\u76f8\u518c\",\"iconType\":2,\"iconUrl\":\"\ub25b\",\"accessibilityText\":\"\u76f8\u518c\",\"showRedDot\":false,\"title\":\"\u76f8\u518c\"},{\"id\":\"auction\",\"utName\":\"auction\",\"contentDescription\":\"\u62cd\u5356\",\"accessibilityText\":\"\u62cd\u5356\",\"iconType\":2,\"iconUrl\":\"auction\",\"title\":\"\uf76a\",\"actionName\":\"url\",\"showRedDot\":false,\"actionURL\":\"https://market.m.taobao.com/app/pm-rax-group-chat/pages/gc-add-alist?wh_weex=true\"},{\"id\":\"takephoto\",\"actionName\":\"takephoto\",\"utName\":\"TakePhoto\",\"contentDescription\":\"\u62cd\u6444\",\"iconType\":2,\"iconUrl\":\"\ub98b\",\"accessibilityText\":\"\u62cd\u6444\",\"showRedDot\":false,\"title\":\"\u62cd\u6444\"},{\"id\":\"feedCards\",\"actionName\":\"feedCards\",\"utName\":\"NameCard\",\"contentDescription\":\"\u4e2a\u4eba\u540d\u7247\",\"iconType\":2,\"iconUrl\":\"\ua18b\",\"accessibilityText\":\"\u4e2a\u4eba\u540d\u7247\",\"showRedDot\":false,\"title\":\"\u4e2a\u4eba\u540d\u7247\"},{\"id\":\"flashSale\",\"utName\":\"flashSale\",\"contentDescription\":\"\u9650\u65f6\u62a2\u8d2d\",\"accessibilityText\":\"\u9650\u65f6\u62a2\u8d2d\",\"iconType\":2,\"iconUrl\":\"\ub52b\",\"title\":\"\u9650\u65f6\u62a2\u8d2d\",\"actionName\":\"url\",\"showRedDot\":false,\"actionURL\":\"https://h5.m.taobao.com/app/chatting/www/snapup/index.html?1=1&ccode=${ccode}&bizKey=${bizKey}&sessionType=${sessionType}\"},{\"id\":\"preSale\",\"utName\":\"preSale\",\"contentDescription\":\"\u63d0\u524d\u8d2d\",\"accessibilityText\":\"\u63d0\u524d\u8d2d\",\"iconType\":2,\"iconUrl\":\"\ub02b\",\"title\":\"\u63d0\u524d\u8d2d\",\"actionName\":\"url\",\"showRedDot\":false,\"actionURL\":\"https://h5.m.taobao.com/app/chatting/www/inadvance/index.html?1=1&ccode=${ccode}&bizKey=${bizKey}&sessionType=${sessionType}\"}]}"},{"r":"${bizType} == 1 || ${bizType} == 36 || ${bizType} == 101 || ${bizType} == 24","v":"{\"data\":[{\"id\":\"album\",\"actionName\":\"album\",\"utName\":\"Photo\",\"contentDescription\":\"\u76f8\u518c\",\"iconType\":2,\"iconUrl\":\"\ub25b\",\"accessibilityText\":\"\u76f8\u518c\",\"showRedDot\":false,\"title\":\"\u76f8\u518c\"},{\"id\":\"takephoto\",\"actionName\":\"takephoto\",\"utName\":\"TakePhoto\",\"contentDescription\":\"\u62cd\u6444\",\"iconType\":2,\"iconUrl\":\"\ub98b\",\"accessibilityText\":\"\u62cd\u6444\",\"showRedDot\":false,\"title\":\"\u62cd\u6444\"},{\"id\":\"feedCards\",\"actionName\":\"feedCards\",\"utName\":\"NameCard\",\"contentDescription\":\"\u4e2a\u4eba\u540d\u7247\",\"iconType\":2,\"iconUrl\":\"\ua18b\",\"accessibilityText\":\"\u4e2a\u4eba\u540d\u7247\",\"showRedDot\":false,\"title\":\"\u4e2a\u4eba\u540d\u7247\"}]}"},{"r":"${bizType} >= 0 && ${bizType} < 10000","v":"{\"data\":[{\"id\":\"shopItem\",\"actionName\":\"shopItem\",\"utName\":\"Shop\",\"contentDescription\":\"\u5e97\u94fa\",\"iconType\":2,\"iconUrl\":\"\uc08b\",\"accessibilityText\":\"\u5e97\u94fa\",\"showRedDot\":false,\"title\":\"\u5e97\u94fa\"},{\"id\":\"album\",\"actionName\":\"album\",\"utName\":\"Photo\",\"contentDescription\":\"\u76f8\u518c\",\"iconType\":2,\"iconUrl\":\"\ub25b\",\"accessibilityText\":\"\u76f8\u518c\",\"showRedDot\":false,\"title\":\"\u76f8\u518c\"},{\"id\":\"takephoto\",\"actionName\":\"takephoto\",\"utName\":\"TakePhoto\",\"contentDescription\":\"\u62cd\u6444\",\"iconType\":2,\"iconUrl\":\"\ub98b\",\"accessibilityText\":\"\u62cd\u6444\",\"showRedDot\":false,\"title\":\"\u62cd\u6444\"},{\"id\":\"redpacket\",\"actionName\":\"redpacket\",\"utName\":\"Hongbao\",\"contentDescription\":\"\u7ea2\u5305\",\"iconType\":2,\"iconUrl\":\"\ub41b\",\"accessibilityText\":\"\u7ea2\u5305\",\"showRedDot\":false,\"title\":\"\u7ea2\u5305\"},{\"id\":\"feedCards\",\"actionName\":\"feedCards\",\"utName\":\"NameCard\",\"contentDescription\":\"\u4e2a\u4eba\u540d\u7247\",\"iconType\":2,\"iconUrl\":\"\ua18b\",\"accessibilityText\":\"\u4e2a\u4eba\u540d\u7247\",\"showRedDot\":false,\"title\":\"\u4e2a\u4eba\u540d\u7247\"}]}"}],"im.resource.channel":[{"r":"(${location} == 0 && ${bizType} >= 10000 && ${bizType} < 11000) || (${location} == 1 && (${pageType} == 0 || (${bizType} >= 11000 && ${bizType} < 12000))) || (${location} == 3) || (${location} == 4) || (${location} == 5 && ${bizType} != 10022) || (${location} == 6 && ${bizType} >= 11000 && ${bizType} < 12000) || (${location} == 12)","v":"{\"channel\":\"mtop\"}"}],"chat.subTitle.config":[{"r":"${bizType} == 10022 && ${hour} >= 3 && ${hour} < 7","v":"{\"subTitle\":{\"body\":{\"icon\":\"https://gw.alicdn.com/imgextra/i2/O1CN01NSF9R22A8sO2zJ1wJ_!!6000000008159-2-tps-90-90.png\",\"text\":\"\u5feb\u53bb\u7761\u89c9\u5566\"}}}"},{"r":"${bizType} == 10022 && ${hour} == 2","v":"{\"subTitle\":{\"body\":{\"icon\":\"https://gw.alicdn.com/imgextra/i1/O1CN010tU61l1ENlY2CI56O_!!6000000000340-2-tps-90-90.png\",\"text\":\"\u770b\u770b\u8c01\u8fd8\u4e0d\u7761\u89c9\"}}}"},{"r":"${bizType} == 10022 && ${hour} >= 0 && ${hour} < 2","v":"{\"subTitle\":{\"body\":{\"icon\":\"https://gw.alicdn.com/imgextra/i2/O1CN01xo3ObJ1wxLPPUosTZ_!!6000000006374-2-tps-90-90.png\",\"text\":\"\u901a\u5bb5\u4e70\u4e70\u4e70\"}}}"},{"r":"${bizType} == 10022 && ${hour} >= 23","v":"{\"subTitle\":{\"body\":{\"icon\":\"https://gw.alicdn.com/imgextra/i3/O1CN017GZh3g1CclHZnBwML_!!6000000000102-2-tps-90-90.png\",\"text\":\"\u7172\u5267\u4e2d\"}}}"},{"r":"${bizType} == 10022 && ${hour} >= 21 && ${hour} < 23","v":"{\"subTitle\":{\"body\":{\"icon\":\"https://gw.alicdn.com/imgextra/i2/O1CN01xo3ObJ1wxLPPUosTZ_!!6000000006374-2-tps-90-90.png\",\"text\":\"citywalk\"}}}"},{"r":"${bizType} == 10022 && ${hour} == 20","v":"{\"subTitle\":{\"body\":{\"icon\":\"https://gw.alicdn.com/imgextra/i3/O1CN01RepQCz1P4x39W97tA_!!6000000001788-2-tps-90-90.png\",\"text\":\"\u52a8\u611f\u5355\u8f66\"}}}"},{"r":"${bizType} == 10022 && ${hour} >= 18 && ${hour} < 20","v":"{\"subTitle\":{\"body\":{\"icon\":\"https://gw.alicdn.com/imgextra/i3/O1CN01AxX0ii28G5O9z2L7y_!!6000000007904-2-tps-90-90.png\",\"text\":\"\u52a0\u4e2a\u9e21\u817f\"}}}"},{"r":"${bizType} == 10022 && ${hour} >= 16 && ${hour} < 18","v":"{\"subTitle\":{\"body\":{\"icon\":\"https://gw.alicdn.com/imgextra/i2/O1CN01IDfC7g1hJkw55wVPt_!!6000000004257-2-tps-90-90.png\",\"text\":\"\u5199\u65b9\u6848ing\"}}}"},{"r":"${bizType} == 10022 && ${hour} == 15","v":"{\"subTitle\":{\"body\":{\"icon\":\"https://gw.alicdn.com/imgextra/i3/O1CN01AxX0ii28G5O9z2L7y_!!6000000007904-2-tps-90-90.png\",\"text\":\"\u5976\u8336\u5428\u5428\u5428\"}}}"},{"r":"${bizType} == 10022 && ${hour} == 14","v":"{\"subTitle\":{\"body\":{\"icon\":\"https://gw.alicdn.com/imgextra/i3/O1CN017GZh3g1CclHZnBwML_!!6000000000102-2-tps-90-90.png\",\"text\":\"\u5b66\u4e60\u4e2d\"}}}"},{"r":"${bizType} == 10022 && ${hour} == 13","v":"{\"subTitle\":{\"body\":{\"icon\":\"https://gw.alicdn.com/imgextra/i2/O1CN01NSF9R22A8sO2zJ1wJ_!!6000000008159-2-tps-90-90.png\",\"text\":\"\u6253\u4e2a\u76f9\"}}}"},{"r":"${bizType} == 10022 && ${hour} == 12","v":"{\"subTitle\":{\"body\":{\"icon\":\"https://gw.alicdn.com/imgextra/i3/O1CN01AxX0ii28G5O9z2L7y_!!6000000007904-2-tps-90-90.png\",\"text\":\"\u5403\u4e2d\u996d\"}}}"},{"r":"${bizType} == 10022 && ${hour} >= 9 && ${hour} < 12","v":"{\"subTitle\":{\"body\":{\"icon\":\"https://gw.alicdn.com/imgextra/i2/O1CN01IDfC7g1hJkw55wVPt_!!6000000004257-2-tps-90-90.png\",\"text\":\"\u52aa\u529b\u642c\u7816\"}}}"},{"r":"${bizType} == 10022 && ${hour} == 8","v":"{\"subTitle\":{\"body\":{\"icon\":\"https://gw.alicdn.com/imgextra/i3/O1CN01u35QRT1h6TS4BJvVD_!!6000000004228-2-tps-90-90.png\",\"text\":\"\u4e0a\u73ed\u8def\u4e0a\"}}}"},{"r":"${bizType} == 10022 && ${hour} == 7","v":"{\"subTitle\":{\"body\":{\"icon\":\"https://gw.alicdn.com/imgextra/i3/O1CN01RepQCz1P4x39W97tA_!!6000000001788-2-tps-90-90.png\",\"text\":\"\u6668\u8dd1\u4e2d\"}}}"}],"chat.naviBar.config":[{"r":"${bizType} == 11001","v":"{\"second\":{\"body\":{\"text\":\"\u5e97\u94fa\"},\"action\":{\"actionType\":\"link\",\"actionValue\":\"http://shop.m.taobao.com/shop/shop_index.htm?user_id=${targetId}\"},\"style\":{\"btnStyle\":1}},\"first\":{\"body\":{\"icon\":\"https://gw.alicdn.com/imgextra/i2/O1CN01XoiKpb1e7RKeqBtmN_!!6000000003824-2-tps-64-64.png\"},\"action\":{\"actionType\":\"link\",\"actionValue\":\"https://market.m.taobao.com/app/mpds/Container/pages/msg_im_settings?wh_weex=true&wx_navbar_transparent=true&wx_navbar_hidden=true&targetType=${targetType}&targetId=${targetId}&targetNick=${targetNick}&goalTargetNick=${goalTargetNick}&bizType=${bizType}&identifier=${identifier}\"}}}"},{"r":"${bizType} == 53","v":"{\"second\":{\"body\":{\"text\":\"\u4f1a\u573a\"},\"action\":{\"actionType\":\"link\",\"actionValue\":\"https://pages.tmall.com/wow/z/hdwk/20211111/pk20211111?disableNav=YES&qd_from=qlxx\"},\"style\":{\"btnStyle\":1}},\"first\":{\"body\":{\"icon\":\"https://gw.alicdn.com/imgextra/i2/O1CN01XoiKpb1e7RKeqBtmN_!!6000000003824-2-tps-64-64.png\"},\"action\":{\"actionType\":\"link\",\"actionValue\":\"https://market.m.taobao.com/app/mpds/Container/pages/msg_im_settings?wh_weex=true&wx_navbar_transparent=true&wx_navbar_hidden=true&targetType=${targetType}&targetId=${targetId}&targetNick=${targetNick}&goalTargetNick=${goalTargetNick}&bizType=${bizType}&identifier=${identifier}\"}}}"},{"r":"${bizType} == 34","v":"{\"second\":{\"body\":{\"text\":\"\u56fd\u9645\"},\"action\":{\"actionType\":\"link\",\"actionValue\":\"https://pages.tmall.com/wow/z/import/tmg-rax-home/tmallimportHomewupr-index?wh_biz=tm&wh_pid=tmg-rax-home%2FtmallimportHome&popChannel=disabled\"},\"style\":{\"btnStyle\":1}},\"first\":{\"body\":{\"icon\":\"https://gw.alicdn.com/imgextra/i2/O1CN01XoiKpb1e7RKeqBtmN_!!6000000003824-2-tps-64-64.png\"},\"action\":{\"actionType\":\"link\",\"actionValue\":\"https://market.m.taobao.com/app/mpds/Container/pages/msg_im_settings?wh_weex=true&wx_navbar_transparent=true&wx_navbar_hidden=true&targetType=${targetType}&targetId=${targetId}&targetNick=${targetNick}&goalTargetNick=${goalTargetNick}&bizType=${bizType}&identifier=${identifier}\"}}}"},{"r":"${bizType} == 33","v":"{\"second\":{\"body\":{\"text\":\"\u6d4b\u80a4\"},\"action\":{\"actionType\":\"link\",\"actionValue\":\"https://ar.tmall.com/?SkinMeasurement=1&loadUrl=https%3A%2F%2Fpages.tmall.com%2Fwow%2Fheihe%2Fact%2Fskin-exam%3FdisableNav%3DYES%26source%3Dhuichang\u200b\"},\"style\":{\"btnStyle\":1}},\"first\":{\"body\":{\"icon\":\"https://gw.alicdn.com/imgextra/i2/O1CN01XoiKpb1e7RKeqBtmN_!!6000000003824-2-tps-64-64.png\"},\"action\":{\"actionType\":\"link\",\"actionValue\":\"https://market.m.taobao.com/app/mpds/Container/pages/msg_im_settings?wh_weex=true&wx_navbar_transparent=true&wx_navbar_hidden=true&targetType=${targetType}&targetId=${targetId}&targetNick=${targetNick}&goalTargetNick=${goalTargetNick}&bizType=${bizType}&identifier=${identifier}\"}}}"},{"r":"${bizType} == 30","v":"{\"second\":{\"body\":{\"text\":\"\u8d5a\u94b1\"},\"action\":{\"actionType\":\"link\",\"actionValue\":\"https://market.m.taobao.com/app/tmall-def/juer/pages/index?wh_weex=true&hideNavbar=true\"},\"style\":{\"btnStyle\":1}},\"first\":{\"body\":{\"icon\":\"https://gw.alicdn.com/imgextra/i2/O1CN01XoiKpb1e7RKeqBtmN_!!6000000003824-2-tps-64-64.png\"},\"action\":{\"actionType\":\"link\",\"actionValue\":\"https://market.m.taobao.com/app/mpds/Container/pages/msg_im_settings?wh_weex=true&wx_navbar_transparent=true&wx_navbar_hidden=true&targetType=${targetType}&targetId=${targetId}&targetNick=${targetNick}&goalTargetNick=${goalTargetNick}&bizType=${bizType}&identifier=${identifier}\"}}}"},{"r":"${bizType} == 25","v":"{\"second\":{\"body\":{\"text\":\"\u53bb\u73a9\"},\"action\":{\"actionType\":\"link\",\"actionValue\":\"https://m.duanqu.com?_ariver_appid=21466851&page=pages/web/web?url=https%253a%252f%252fmarket.m.taobao.com%252fapp%252fmofun-webapp%252ftb-shop-pay%252findex%252findex.html%253fconfigCode%253dmofun-ndj%2526channel%253dqun\"},\"style\":{\"btnStyle\":1}},\"first\":{\"body\":{\"icon\":\"https://gw.alicdn.com/imgextra/i2/O1CN01XoiKpb1e7RKeqBtmN_!!6000000003824-2-tps-64-64.png\"},\"action\":{\"actionType\":\"link\",\"actionValue\":\"https://market.m.taobao.com/app/mpds/Container/pages/msg_im_settings?wh_weex=true&wx_navbar_transparent=true&wx_navbar_hidden=true&targetType=${targetType}&targetId=${targetId}&targetNick=${targetNick}&goalTargetNick=${goalTargetNick}&bizType=${bizType}&identifier=${identifier}\"}}}"},{"r":"${bizType} == 24","v":"{\"second\":{\"body\":{\"text\":\"\u6362\u88c5\"},\"action\":{\"actionType\":\"link\",\"actionValue\":\"https://market.m.taobao.com/app/wireless-platform/c6_seclife/index.html?disableNav=YES&from=hz\"},\"style\":{\"btnStyle\":1}},\"first\":{\"body\":{\"icon\":\"https://gw.alicdn.com/imgextra/i2/O1CN01XoiKpb1e7RKeqBtmN_!!6000000003824-2-tps-64-64.png\"},\"action\":{\"actionType\":\"link\",\"actionValue\":\"https://market.m.taobao.com/app/mpds/Container/pages/msg_im_settings?wh_weex=true&wx_navbar_transparent=true&wx_navbar_hidden=true&targetType=${targetType}&targetId=${targetId}&targetNick=${targetNick}&goalTargetNick=${goalTargetNick}&bizType=${bizType}&identifier=${identifier}\"}}}"},{"r":"${bizType} == 23","v":"{\"second\":{\"body\":{\"text\":\"\u6211\u7684\"},\"action\":{\"actionType\":\"link\",\"actionValue\":\"https://market.m.taobao.com/apps/market/m-vip/my-black-card.html?wh_weex=true&wx_navbar_transparent=true\"},\"style\":{\"btnStyle\":1}},\"first\":{\"body\":{\"icon\":\"https://gw.alicdn.com/imgextra/i2/O1CN01XoiKpb1e7RKeqBtmN_!!6000000003824-2-tps-64-64.png\"},\"action\":{\"actionType\":\"link\",\"actionValue\":\"https://market.m.taobao.com/app/mpds/Container/pages/msg_im_settings?wh_weex=true&wx_navbar_transparent=true&wx_navbar_hidden=true&targetType=${targetType}&targetId=${targetId}&targetNick=${targetNick}&goalTargetNick=${goalTargetNick}&bizType=${bizType}&identifier=${identifier}\"}}}"},{"r":"${bizType} == 14 || ${bizType} == 17","v":"{\"first\":{\"body\":{\"icon\":\"https://gw.alicdn.com/imgextra/i2/O1CN01XoiKpb1e7RKeqBtmN_!!6000000003824-2-tps-64-64.png\"},\"action\":{\"actionType\":\"link\",\"actionValue\":\"https://market.m.taobao.com/app/mpds/Container/pages/msg_im_settings?wh_weex=true&wx_navbar_transparent=true&wx_navbar_hidden=true&targetType=${targetType}&targetId=${targetId}&targetNick=${targetNick}&goalTargetNick=${goalTargetNick}&bizType=${bizType}&identifier=${identifier}\"}}}"},{"r":"${bizType} == 1 || ${bizType} == 101 || ${bizType} == 36","v":"{\"second\":{\"body\":{\"text\":\"\u5e97\u94fa\"},\"action\":{\"actionType\":\"link\",\"actionValue\":\"http://tb.cn/n/im/route?msgRouteKey=shop&msgRouteData=${ccode}\"},\"style\":{\"btnStyle\":1}},\"first\":{\"body\":{\"icon\":\"https://gw.alicdn.com/imgextra/i2/O1CN01XoiKpb1e7RKeqBtmN_!!6000000003824-2-tps-64-64.png\"},\"action\":{\"actionType\":\"link\",\"actionValue\":\"https://market.m.taobao.com/app/mpds/Container/pages/msg_im_settings?wh_weex=true&wx_navbar_transparent=true&wx_navbar_hidden=true&targetType=${targetType}&targetId=${targetId}&targetNick=${targetNick}&goalTargetNick=${goalTargetNick}&bizType=${bizType}&identifier=${identifier}\"}}}"},{"r":"1 == 1","v":"{\"first\":{\"body\":{\"icon\":\"https://gw.alicdn.com/imgextra/i2/O1CN01XoiKpb1e7RKeqBtmN_!!6000000003824-2-tps-64-64.png\"},\"action\":{\"actionType\":\"link\",\"actionValue\":\"https://market.m.taobao.com/app/mpds/Container/pages/msg_im_settings?wh_weex=true&wx_navbar_transparent=true&wx_navbar_hidden=true&targetType=${targetType}&targetId=${targetId}&targetNick=${targetNick}&goalTargetNick=${goalTargetNick}&bizType=${bizType}&identifier=${identifier}\"}}}"}]}