{"275004":["E0_text","E1_text","E2_pic","E2_title","E3_text","E4_discount","E4_subTitle","E4_title"],"275005":["E0_text","E1_text","E2_pic","E2_title","E3_text"],"275006":["E0_text","E1_thumbnail","E1_videoUrl","E2_pic","E2_title"],"286006":["pic","price","text"],"275001":["content","feedType","memberIcon",{"offerInfo":["imageUrl"]},"priceEndBehind","priceEndFront","priceStartFront","setUrl","summary"],"275002":["content","feedType","memberIcon",{"offerInfo":["imageUrl"]},"priceStartBehind","priceStartFront","setUrl","summary"],"275003":["logo","name","text"],"286008":["content"],"283002":["E0_pic","E0_price","E0_title","E2_sourceName"],"128001":[{"items":["pic","price","tag"]},"subTitle"],"230003":["btnText","content","desc","imgUrl"],"222002":["desc","discountFee","discountFeeDecimal","discountFeeInteger",{"offerInfo":["imageUrl"]},"receiveManagerUrl","startFee"],"254002":["E0_text","E1_subTitle","E1_title",{"E2_items":["pic","price","subTitle"]}],"122005":["key1","key2","key3","key4","key5",{"key6":["key7","key8","key9"]}],"122004":["cover"],"122001":["test2"],"222006":["E0_text","E1_text"],"231002":["auctionNum","auctionPictUrl","auctionTitle","fullAddress","orderPrice","orderUrl"],"216007":["E0_sourceName","E1_text","E2_text",{"E3_items":["pic","price","subTitle"]},"E4_buttonIconText"],"216006":[{"liveData":["content","iconUrl"]}],"273004":["picUrl","price","priceExt","validDate"],"220001":["E0_text","E1_text",{"E2_keyValueDescArray":["desc","key"]},"E4_buttonIconText"],"273002":["E0_pic","E0_subpic","E0_title","E1_sourceName"],"273003":["buttonText","buttonUrl","picUrl",{"skuInfo":["key","value"]},"subTitle"],"216001":["discountFee","startFee"],"273001":["E0_text","E1_text",{"actionMetaList":["name"]}],"216008":["bgImg","btnText","content"],"154001":["content","subContent","subTitle"],"263003":["cardDesc","cardImgUrl","cardSubTitle","cardTitle"],"147001":["content"],"280003":["E0_subImageUrl","E0_subText","E0_text","E1_contentPic","E1_pic","E1_price","E1_salePrice","E1_title","ordinaryBtnText"],"200005":["E0_title",{"E2_items":["pic","price","subTitle"]}],"200006":["E0_text","E1_content","E1_pic","E1_subContent","E2_buttonIconText"],"200007":["btnRight","btnRightBg","btnRightOther","cardHeadImg","cardMsg",{"infoList":["label","tip","value"]},"priceMax","priceMin","productCnt","productCntUnit","productDesc","productImg","productImgCount","reqName"],"200008":["E0_title","E1_text",{"E2_items":["pic","price","subTitle"]}],"200009":["E0_text","E1_text","E2_coupon","E2_discount","E2_subTitle","E2_title","E4_buttonIconText",{"items":["pic","price"]}],"167002":["axgUrl","buttonUrl"],"149001":["iconUrl"],"227001":["btnText","comment","facName","icon","label","welcomeWord"],"224001":["imageUrl"],"258004":["high_top_background_image",{"list":["buttonImage","icon","iconTitle"]}],"258001":["pic"],"258003":["commission","couponImgUrl","couponLimit","couponTitle","receiver"],"197003":["titleTagIcon"],"196006":[{"E0_imageList":["url"]},"E1_headIcon","E1_text","E2_desc","E3_sourceName"],"253001":["imageUrlLeft","imageUrlRight"],"253002":["iconImage","sceneImage","secneDesc","sourceImage","sourceName"],"167003":["bodyTagText","bodyTitle","itemOneLineText","itemUrl","middleTitle"],"196002":["desc","detailContent","detailImage","iconImage","mainContent","mainImage"],"196001":["btnText","cardStatus","questionDesc","questionType"],"166004":["activeContent","activeDesc","activeTitle","activeUrl","itemTitle",{"items":["markingPrice","pic","price"]},"subTitle"],"166001":["buttonMsg","content"],"270001":["E0_title"],"166002":["test"],"267002":["E0_imageUrl","E1_text"],"278010":["content","mainDesc","rightContent"],"278011":[{"keyValueDescArray":["desc","key"]},"logo","name"],"278012":["bodyTagText","bodyTitle","itemOneLineText","itemUrl","middleTitle"],"278013":["bottom_btn","bottom_btn_text","btn_text","img","main_url","sub_text","text","title_img","title_url"],"136001":["desc","userAvatar","userNick","videoCover"],"136002":["desc","type","userAvatar","userAvatar2","userNick","videoCover"],"277002":["E1_title","E2_content","E2_desc","E2_pic","E2_price","E2_title",{"E3_keyValueDescArray":["desc","key"]},"E4_buttonIconText","copyValue"],"277003":["btnRight","btnRightBg","btnRightOther",{"displayTags":["label","tip","value"]},"offerCount","priceMax","priceMin",{"productList":["name","picUrl","price","quantity","unit"]},"skuCount","totalQuantity"],"214006":["E0_pic","E0_subTitle","E0_title","E2_sourceName"],"277006":["btn_text","img","sub_text","text","title_img","title_url"],"277007":["E0_text",{"E1_items":["desc","pic1"]},"E1_text"],"200010":["E0_text","E1_text",{"E2_items":["pic","price"]},"E3_buttonIconText"],"254003":["E0_text",{"E1_items":["pic","price","subTitle"]}],"256001":["detailUrl","itemTitle","mainImageurl","price","serviceDetail","serviceName"],"262003":["line2","line3"],"262004":["operationDesc","operationUrl","suffix"],"257004":[{"dataList":["text","type"]}],"257001":["pic","price","text"],"257002":["E0_text","E1_pic","E1_price","E1_title"],"257003":["MsgUrl2","Msgpic2","action_content","action_target_content","cover_pic","name"],"280006":["content","mainDesc"],"167001":["axgUrl"],"185002":["E0_title","E0_titleTagIcon","E0_titleTagText","E1_desc","E2_buttonIconText"],"185004":["E0_title","E1_desc","E2_buttonIconText"],"231001":["content"],"170002":["btnText","desc","quotaTitle","subTitle"],"225001":["couponImgUrl","couponLimit","couponRule","couponTitle"],"211001":[{"items":["pic","price"]}],"278009":["E0_title","E1_desc","E2_buttonIconText"],"278006":[{"itemInfo":["textContent"]},"summary"],"228001":["bodyText","discountFee","discountFeeDecimal","discountFeeInteger","startFee","titleIconText","titleText","winportIndexUrl"],"277005":["itemImg","itemTitle","itemUrl","price"],"228007":["E1_title","E2_content","E2_pic","E2_price","E2_title",{"E3_keyValueDescArray":["desc","key"]}],"228004":["desc","descPicUrl"],"241001":["content"],"272001":["E0_text","E1_text",{"items":["pic","price","subTitle"]}],"255001":["sceneImage","secneDesc","sourceImage","sourceName"],"233001":["backgroundImg","discountFee","discountFeeDecimal","discountFeeInteger","labelText",{"offerInfo":["imageUrl","name","price","soldQuantity","topIcon"]},"receiveManagerUrl","startFee","subTitle"],"246002":["E0_title","E1_desc","E2_buttonIconText"],"155001":["iconImage",{"list":["desc","image"]},"mainImage"],"254004":["E0_text","E1_text",{"E2_items":["pic","price","subTitle"]}],"143004":["content","mainDesc"],"143006":[{"avatarList":["avatar"]},"mainDesc","sourceUrl",{"subDescList":["content"]}],"290004":["content","headIcon","rightIcon","rightTips","tag"],"143001":["content","mainDesc",{"subAvatarList":["avatar"]}],"143002":["content","mainDesc",{"subAvatarList":["avatar"]}],"143003":["content","mainDesc","rightContent"],"274014":[{"activities":["desc","picUrl","subDesc"]},"summary","topIcon","topTitle"],"274015":["E0_pic","E0_subTitle","E0_title","E1_sourceName"],"274017":["content","goodsPrice","goodsTitle","image"],"274013":["E0_text","E1_text","E2_text",{"E3_tagArray":["tagAction","tagIconText","tagIconUrl"]}],"280009":[{"goods":["img","price","price_desc","text"]},"refuseUrl","text","title_img","title_url"],"217002":["E0_text","E1_pic","E1_title",{"E2_keyValueDescArray":["desc","key"]},"E4_buttonIconText"],"227006":["content"],"280002":[{"list":["firstPartPrice","offerUrl","secondPartPrice","shopTag","shopTips","wangwangUrl"]},"topTitle"],"134001":["itemCount",{"items":["pic"]},"oldPrice","price","shop","shopAvatar"],"164003":["E1_title","E1_titleTagIcon","E1_titleTagText","E2_desc",{"E3_tagArray":["tagIconText","tagIconUrl"]},"E4_buttonIconText"],"164002":["E1_title","E2_content","E2_pic","E2_price","E2_title",{"E3_keyValueDescArray":["desc","key"]},"E4_buttonIconText"],"164001":["E1_title","E3_content","E3_pic","E3_title","E4_buttonIconText"],"280007":[{"activities":["desc","picUrl","subDesc"]},"summary","topIcon","topTitle"],"179001":["cardImgUrl","msg"],"270003":[{"labelMetaList":["labelCode","labelName"]}],"218001":["E0_text","E1_content","E1_pic","E3_sourceName"],"264002":["E0_text","E1_pic","E1_title",{"mpCardCustomData":["customData","customType"],"E2_keyValueDescArray":["desc","key"]}],"226002":["content","pushcontent","pushtitle"],"248001":["E0_text","E1_content","E1_pic","E1_subContent","E2_buttonIconText"],"254001":["E0_text","E1_text","E2_content","E2_pic","E2_subContent","E2_text",{"E3_items":["pic","price","subTitle"]}],"278019":[{"benefits":["amount","benifit_type","btn_text","text"]},"refuseUrl","text","title_img","title_url"],"251006":["E0_text","E1_pic","E1_title"],"274002":[{"keyValueDescArray":["desc","key"]},"logo","name"],"156001":["content","subTitle"],"274007":["currMordCnt","currOrderAmt","mainCategorys","medalDesc","totalMordCnt","totalOrderAmt"],"251003":["E0_coupon","E0_discount","E0_subTitle","E0_title","E2_sourceName","E2_subSourceName"],"274005":["E0_text","E1_text","E2_pic","E2_title","E3_text"],"242008":["conversationCode",{"itemList":["gifUrl"]}],"223003":["E0_text","E1_text",{"E2_items":["pic","price"]},"E4_buttonIconText"],"223002":["E0_pic","E0_price","E0_title","E2_sourceName"],"114002":["btn","icon","text"],"188001":["area","code","deliveryPeriod","description","detailUrl","expectPrice","headerBgImage","invoiceType","offerTitle","picUrl","publishOpenSearchSource","quoteUrl","resultMessage","sendWay",{"skus":["count","price"]},"sourcingDetail","titleImage","totalPrice","wantBuy"],"131008":["height","jsUrl","width"],"223005":["feedType","icon","memberIcon",{"offerInfo":["imageUrl"]},"priceEndBehind","priceEndFront","priceStartBehind","priceStartFront","slashPrice"],"223004":["content","date","level","levelImg","name","offerImg","offerTitle","quantity","skuInfo","starImg","starLevel","track"],"131005":["desc","pic","price"],"131004":["bigIcon","subTitle"],"131007":["bigIcon","subTitle","widePic"],"131006":["bgPic","pic","subTitle"],"222001":["discountFee","discountFeeDecimal","discountFeeInteger",{"offerInfo":["desc","imageUrl","name","price","priceDesc","soldQuantity"]},"receiveManagerUrl","startFee"],"131003":["banner"],"222003":["E0_text"],"199021":["E0_text","E1_text","E2_pic","E2_subTitle","E2_title",{"E3_items":["pic","price"]},"E4_buttonIconText"],"170003":["btnText","desc"],"199022":["content","imageUrl"],"170006":["btnText","desc","percentageTitle"],"170004":["btnText","desc","numberTitle"],"262001":["from","type"],"281004":["card_title","content","picUrl"],"281003":["contentHeight","contentPublisherAvatar","contentPublisherNick","contentType","contentWidth","picUrl","text"],"262002":["E0_text","E1_pic","E1_price","E1_title"],"168001":["E1_title","E2_content","E2_pic","E2_price","E2_title","E3_desc","E4_buttonIconText"],"150001":["iconUrl"],"170001":["buttonTitle","imgUrl","productTitle","refundAmt","refundContent","refundTitle"],"191013":["E0_title","E1_sourceName"],"278016":["E0_contentText","E0_picUrl","E0_salePrice","E0_title","E2_E6_buttonIconText","E2_E6_button_btnStatus","E2_title"],"289001":["content","contentPic","headerIcon"],"247001":["btnText","content","desc","imgUrl"],"170011":["detailUrl","itemTitle","mainImageurl","price","serviceDetail","serviceName"],"170013":["leftText","rightText"],"170012":["txtContent"],"170015":[{"listData":["listContent","listPicUrl"]},"picUrl"],"280004":["content","mainDesc"],"259001":[{"highlights":["h","w","x","y"]},"oh","ow","pic"],"199014":["E0_text","E1_text",{"E3_items":["pic","price","subTitle"]}],"142002":["accountSubName"],"199011":["E0_titleTagIcon","E0_titleTagText","E1_text",{"E2_imageList":["url"]},"E3_sourceName"],"199013":["cardHeadImg"],"263005":["content","picUrl"],"263004":["picUrl","price"],"250001":["E0_text","E1_text",{"E2_keyValueDescArray":["desc","key"]}],"263002":["btnText","comment","facName","icon","label","welcomeWord"],"263001":[{"commentList":["text"]},"description",{"expressionList":["url"]},"status"],"280010":[{"goods":["img","sub_text","text"]},"refuseUrl","text","title_img","title_url"],"137001":["desc","userAvatar","userNick","videoCover"],"284001":["bubbleSize","bubbleText","layoutWidth","textSize"],"191003":["E0_desc","E0_descMaxLines",{"E1_items":["extraPrice","pic","price","priceEnd","priceFraction"]},"E2_buttonIconText","E2_buttonIsGray"],"276001":["imgUrl",{"itemInfo":["textContent"]},"textTitle"],"191001":["E0_title","E1_desc","E2_buttonIconText"],"191004":["sourcingDetail","sourcingDetailSeller","sourcingTitle","totalPrice","wantBuy"],"144005":["address","icon",{"imgs":["url"]},"name"],"144004":["img","name","price","storeAddress","storeIcon","storeName","storeUrl"],"264001":["content","icon","memberIcon",{"offerInfo":["imageUrl"]},"priceStartFront"],"144001":["iconUrl"],"276003":["backgroundUrl","couponPic","couponTitle",{"itemInfo":["goodsPic","goodsPrice","goodsTitle"]}],"144003":["msg",{"services":["icon","msg"]}],"144002":["address","icon","name"],"215006":["content"],"141002":["imgUrl"],"276002":["imgUrl",{"itemInfo":["textContent"]},"textTitle"],"215002":["imgurl","textvalue","type","urltext"],"215001":["createdAt","offerCount",{"offerInfo":["imageUrl"]},"receiveManagerUrl"],"171003":["btnText","desc","focusTitle"],"282001":["bubbleSize","layoutWidth","text","textSize"],"229001":[{"lines":["text"]}],"224005":["bgImageUrl","content","imageUrl"],"171005":["itemText","itemUrl"],"171004":["btnText","desc"],"183001":["area","deliveryPeriod","detailUrl","genContract","invoiceType","modifyQuote","offerTitle","overdueCompensationRatio","picUrl","quoteDetail","quoteDetailSeller","quoteTotalPrice","sendWay",{"skus":["count","price"]},"sourcingType","totalFreightPrice","totalPrice","wantBuy"],"183003":["footerTitle","imgTxtContent","imgTxtUrl","imgUrl","txtContent"],"241005":["E0_text","E1_pic","E1_title"],"224008":["imgurl","pushcontent","pushtitle","textvalue","type","urltext"],"171001":["E1_title","E2_content","E2_pic","E2_price","E2_title",{"E3_keyValueDescArray":["desc","key"]}],"224007":["deliveStatus","deliverNum","itemTitle","itemUrl"],"195005":["E0_desc",{"E1_imageList":["url"]}],"171002":["btnText","desc","quota"],"195003":["btnText","content","desc","quota","quotaDesc"],"195002":["btnText",{"contentList":["text"]},"desc"],"195001":["btnText",{"contentList":["text"]},"desc"],"171006":["itemText","itemUrl","name"]}